id;vehicle_number;d_c_date;d_c_number;posting_date;p_o_number;item_number;avg_weight;jhi_condition;created_by;item_recieved;flock_number
1;Forint;2019-10-03;azure;2019-10-04;Fiji Dollar Profound Bacon;Macao Equatorial Guinea Vision-oriented;Agent;Human deposit;33902;27887;Saint Helena Pound programming
2;AI optical invoice;2019-10-04;Cheese Dynamic Home Loan Account;2019-10-04;Unbranded invoice;clear-thinking;Latvia;Ports Manager Fish;1807;23724;circuit navigate
3;program alarm;2019-10-04;Benin Berkshire;2019-10-03;Ergonomic;Strategist target;Investor users dot-com;North Dakota Cambridgeshire;19524;23018;Bedfordshire Alaska calculate
4;Chips;2019-10-03;Response Human;2019-10-04;Automotive Tactics architectures;Wisconsin Facilitator Incredible;reinvent;eco-centric Bedfordshire mesh;39469;93615;UIC-Franc Arkansas Intelligent
5;Zambian Kwacha intuitive;2019-10-04;system-worthy portal;2019-10-03;Metal array France;redundant;Synergistic Personal Loan Account Sleek;Borders;79829;19427;Handcrafted Cotton Bacon Unbranded Fresh Pants
6;incubate;2019-10-04;North Dakota Garden;2019-10-04;Wallis and Futuna;generating;Computers Small Fresh Gloves back-end;interface;82786;76999;lavender
7;Club backing up;2019-10-04;relationships Philippine Peso;2019-10-04;Frozen Analyst card;redundant;content;Gorgeous Electronics Brand;83598;42831;Som Rustic Frozen Keyboard ROI
8;Benin;2019-10-03;invoice;2019-10-04;Operations alarm;e-markets system;Organic;Cheese Steel;34187;11607;Ergonomic Steel Gloves
9;Developer Shoes Music;2019-10-03;online e-business;2019-10-04;withdrawal Generic Frozen Tuna;Gorgeous Cotton Chair Personal Loan Account Borders;Norfolk Island Chilean Peso Unidades de fomento Checking Account;invoice Outdoors New York;94023;80094;Jamaican Dollar North Carolina
10;Station;2019-10-04;Web revolutionize Branding;2019-10-03;black;yellow;Books Generic;robust withdrawal generate;68161;2327;open-source hybrid
